{
    "france": {
        "full country": [44, 49, 0, 6.5]
    },
    "spain": {
        "full country": [37.111271, 42.637193, -6.565168, -2.079754]
    }
}