{
    "austria": {
        "full country": [46.695421, 48.485302, 13.595725, 15.882407],
        "vienna": [48.165856, 48.242281, 16.323242, 16.425621]
    },
    "denmark": {
        "full country": [54.968156, 57.096275, 8.664282, 10.340734],
        "second block": [55.206304, 55.732214, 11.254227, 12.185940],
        "copenhagen": [55.655684, 55.707946, 12.541141, 12.598170]
    },
    "england": {
        "full country": [50.787879, 54.197153, -2.972160, -0.377655],
        "london": [51.428926, 51.570839, -0.251629, -0.005646],
        "brighton coast": [50.779284, 50.843844, -0.731453, -0.126688]
    },
    "france": {
        "full country": [43.926384, 49.236250, -0.972307, 5.579916],
        "paris": [48.769858, 48.959573, 2.188628, 2.490953],
        "marseille coast": [43.119831, 43.889382, 5.343616, 7.085012]
    },
    "greece": {
        "full country": [36.775854, 40.475367, 21.613619, 22.537086],
        "ateny": [37.937970, 38.019697, 23.688735, 23.778059],
        "crete": [35.069120, 35.428001, 23.584653, 25.689943]
    },
    "italy": {
        "upper part": [44.368632, 45.903006, 7.141993, 12.550144],
        "middle part": [42.370720, 44.823929, 10.133090, 12.392910],
        "rome": [41.808429, 41.981697, 12.403304, 12.571644]
    },
    "poland": {
        "full country": [54.052939, 50.796214, 15.328856, 23.219844],
        "warsaw": [52.162097, 52.286180, 20.910313, 21.094457],
        "wladyslawowo coast": [54.807096, 54.842064, 17.919063, 18.330775]
    },
    "portugal": {
        "full country": [37.084981, 41.671270, -8.966721, -7.370440],
        "lisbon": [38.701507, 38.758287, -9.172858, -9.098308],
        "coast": [37.931850, 37.346361, -8.825460, -8.788345]
    },
    "spain": {
        "full country": [37.111271, 42.653356, -6.565168, -0.011692],
        "barcelona": [41.353052, 41.435468, 2.095912, 2.227149],
        "parc natural del cap de creus": [42.241227, 42.326570, 3.181299, 3.298107]
    },
    "switzerland": {
        "full country": [46.512004, 47.379382, 6.977193, 9.287489],
        "zurich": [47.348919, 47.397652, 8.503440, 8.557433],
        "valais": [46.005547, 46.477591, 7.029346, 7.952494]
    }
}