{
    "france": {
        "full country": [44, 49, 0, 6.5]
    },
    "spain": {
        "full country": [37.111271, 42.637193, -6.565168, -2.079754]
    },
    "switzerland": {
        "full country": [46.512004, 47.379382, 6.977193, 9.287489]
    }
}